Text,Timestamp,User,Platform,Hashtags,Retweets,Likes,Country,Year,Month,Day,Hour
Exploring the world of digital art. It's never too late to discover new passions. #DigitalArtistry #LateBloomer ,2023-06-13 14:45:00, ArtAdventurer , Facebook , #ArtDiscovery #SeniorArtist ,22,45, Canada,2023,6,13,14
 Feeling inspired after attending a workshop.       ,2023-01-26 09:45:00, WorkshopAttendee, Instagram , #Inspiration #Workshop                  ,25,50,USA,2023,1,26,9
" Eyes wide open in the night, fearful shadows dancing on the walls, the mind a prisoner of imagined horrors. ",2022-05-12 02:00:00, NightPrisoner , Facebook , #Fearful #ImaginedHorrors ,18,36, India ,2022,5,12,2
"A soul weathered by the storm of heartbreak, seeking refuge in the calm after. ",2019-04-18 11:00:00, StormSeeker , Twitter , #Heartbreak #CalmAfterStorm ,22,45, Brazil ,2019,4,18,11
"Attended a wine tasting event, savoring the richness of flavors that age like fine wine. Cheers to the golden years! #WineTasting #SeniorWineLover ",2023-07-13 20:00:00, SeniorWineConnoisseur , Instagram , #AgedToPerfection #SeniorCheers ,35,70, UK,2023,7,13,20
"Despite meticulous training, the swimmer faces disappointment as a split-second miscalculation costs them the lead in a crucial race. ",2015-06-28 20:00:00, SwimmingEnthusiastRaceSetback , Instagram , #Miscalculation #SwimmingDisappointment ,28,55, Australia ,2015,6,28,20
 Excited about the upcoming gaming tournament.      ,2023-01-28 09:00:00, GamingEnthusiast, Instagram , #Gaming #Tournament                     ,30,60,USA,2023,1,28,9
Reflecting on personal growth achieved through life experiences.  ,2019-03-08 18:30:00, GrowthSeeker    , Instagram , #Reflection #PersonalGrowth              ,35,70, USA               ,2019,3,8,18
Achieving a personal best in a track and field competition. The thrill of victory and self-improvement! ,2016-09-14 12:30:00, TrackFieldSuccessHighSchool , Twitter , #AthleticAchievement #HighSchoolSports ,26,51, Canada,2016,9,14,12
"Immersed in the pulsating beats of a Bruno Mars concert, where 'Uptown Funk' becomes a city of joy. ",2017-03-28 20:30:00, MarsJoyExplorer , Facebook , #Joy #BrunoMars ,28,55, USA ,2017,3,28,20
"Sorrowful echoes, a symphony of pain played by the strings of loss. ",2018-05-22 20:45:00, StringsOfSorrow , Twitter  , #Sorrow #SymphonyOfLoss                ,18,35, Germany     ,2018,5,22,20
Anticipation for an upcoming adventure in an exotic destination.   ,2022-07-25 10:00:00, Wanderlust      , Twitter  , #Anticipation #AdventureAwaits           ,40,80, India             ,2022,7,25,10
" Overwhelmed by grief, missing a loved one dearly.  ",2022-07-05 15:45:00, MourningHeart     , Instagram , #Grief #Loss                                   ,8,15, Canada          ,2022,7,5,15
Encountering online toxicity during a gaming session. Hateful comments can ruin the fun. ,2023-09-26 14:15:00, GamingToxicityHighSchool , Twitter , #OnlineGaming #HighSchoolGamer ,16,32, USA,2023,9,26,14
 Finding acceptance in the midst of life's challenges.   ,2023-02-16 18:20:00, AcceptanceSeeker, Facebook , #Acceptance #Challenges                     ,15,30, Canada     ,2023,2,16,18
 Heartfelt sadness after bidding farewell to a dear friend. ,2023-02-21 14:45:00, FarewellHeart   , Facebook , #Sadness #Farewell                          ,25,50, India      ,2023,2,21,14
 Excitement building up for the upcoming vacation!       ,2023-02-18 18:45:00, VacationDreamer , Facebook , #Excitement #TravelPlans                   ,22,45, Canada    ,2023,2,18,18
Euphoria floods in as the final puzzle piece fits perfectly.       ,2022-06-08 15:30:00, PuzzleSolver    , Instagram , #Euphoria #PerfectPuzzle               ,20,40, Denmark         ,2022,6,8,15
" Frustration boils over, a volcanic eruption of emotions.",2017-04-10 14:45:00, ExplosiveMind    , Twitter  , #Frustration #EmotionalOutburst             ,12,25, USA          ,2017,4,10,14
A burst of creativity in the quiet solitude of an artist's studio.  ,2015-09-01 16:00:00, StudioArtist    , Twitter  , #Creativity #ArtistsHaven               ,15,30, Italy           ,2015,9,1,16
"Attended a classical music concert, feeling the timeless melodies resonate. Music transcends generations. #ClassicalMusic #TimelessMelodies ",2023-06-16 21:45:00, MusicConnoisseur , Facebook , #MusicLover #SeniorConcert ,18,35, Canada,2023,6,16,21
Spark of inspiration ignites like a shooting star in the night sky. ,2018-02-10 23:30:00, NightSkyWatcher , Facebook , #Spark #InspirationIgnited             ,30,60, Australia      ,2018,2,10,23
"In the gallery of broken promises, each shattered vow framed, a painful exhibition. ",2022-01-28 13:45:00, PromiseGallery , Facebook , #Betrayal #ShatteredVows ,15,30, Brazil ,2022,1,28,13
 A surprise gift from a friend made my day!              ,2023-02-16 14:45:00, HappySurprise   , Instagram , #Surprise #Gift                              ,25,50, USA          ,2023,2,16,14
 Heartbroken after hearing the news about a natural disaster. ,2023-02-12 14:45:00, EmpathyFirst    , Facebook , #Sadness #NaturalDisaster                    ,25,50, India      ,2023,2,12,14
" Curiosity driving the exploration of the unknown, a seeker of knowledge in uncharted territories. ",2022-05-08 08:45:00, SeekerOfUnknowns  , Instagram , #Curiosity #SeekerOfKnowledge            ,22,45, UK            ,2022,5,8,8
 Laughter is the key to joyâ€”attending a stand-up comedy show. ,2023-02-22 19:30:00, StandUpFan      , Facebook , #Joy #StandUpComedy                         ,22,45, Canada    ,2023,2,22,19
"At the summit of Machu Picchu, a breathtaking panorama that whispers the secrets of ancient civilizations. ",2017-11-05 22:00:00, MachuPicchuAdventurer , Facebook , #Awe #AncientCivilizations ,28,55, Peru ,2017,11,5,22
Savoring the warmth of a cup of cocoa on a chilly winter evening.   ,2020-01-12 18:00:00, WinterWarmth    , Instagram , #Coziness #WarmWinterEvening           ,30,60, Switzerland     ,2020,1,12,18
Celebrating a friend's birthday with a surprise party. Joyful moments and laughter all around! ,2023-10-16 15:45:00, BirthdaySurpriseHighSchool , Instagram , #SurpriseParty #HighSchoolCelebration ,27,52, UK,2023,10,16,15
Inspiration strikes while observing the colors of a vibrant sunset.,2020-06-10 20:45:00, SunsetWatcher   , Instagram , #Inspiration #ColorfulSunset             ,30,60, UK                ,2020,6,10,20
" Bathed in the golden hues of gratefulness, a sunset of appreciation casting its warm glow on the landscapes of the heart. ",2022-04-01 18:30:00, SunsetAdmirer , Instagram , #Grateful #GoldenHues ,19,38, Australia ,2022,4,1,18
"Chasing dreams under the vibrant sky, a journey fueled by hope and enthusiasm. ",2019-10-28 14:15:00, DreamChaser , Instagram , #Enthusiasm #HopefulJourney ,30,60, Australia ,2019,10,28,14
Decided to learn a new instrument. Day one: Still trying to figure out how to hold it. #MusicNovice #LearningJourney ,2023-06-02 14:30:00, MusicalExplorer , Instagram , #InstrumentLearning #TeenMusic ,28,55, UK,2023,6,2,14
Winning a friendly sports competition against rival schools. Victory celebrations in full swing! ,2023-10-20 14:15:00, SportsVictoryHighSchool , Twitter , #SportsTriumph #HighSchoolAthletics ,26,50, USA,2023,10,20,14
"Avoiding the shards of shattered dreams, walking the tightrope of resilience. ",2020-07-18 15:15:00, DreamTightrope , Twitter , #Resilience #TightropeWalk ,35,70, Japan ,2020,7,18,15
Relishing a peaceful afternoon with a classic novel. Quiet moments are the best moments. #BookLover #PeacefulAfternoon ,2023-06-11 15:30:00, NovelEnthusiast , Instagram , #QuietMoments #BookishEscape ,35,70, USA,2023,6,11,15
"At the astronomy observatory, the stargazer marvels at the vastness of the cosmos, contemplating the mysteries hidden within the celestial expanse. ",2016-09-22 20:00:00, AstronomyEnthusiastStargazing , Facebook , #CelestialWonder #Stargazing ,18,35, USA ,2016,9,22,20
" Devastated, a heart in ruins, the echoes of shattered dreams reverberating in the chambers, a requiem for what once was whole. ",2022-10-28 11:15:00, RuinedHeart , Instagram , #Devastated #EchoesOfShatteredDreams ,25,50, Australia ,2022,10,28,11
 Just published a new blog post. Check it out!      ,2023-01-17 15:15:00, BloggerX     , Instagram , #Blogging #NewPost                      ,22,45,USA,2023,1,17,15
" Revisiting old memories, feeling a sense of elation. ",2010-05-15 15:30:00, NostalgiaFan    , Twitter  , #Elation #Memories                             ,20,40, Canada    ,2010,5,15,15
"Painful echoes of a love once cherished, now lost in the abyss of time. ",2016-11-22 09:45:00, AbyssOfTime     , Facebook , #LostLove #PainfulEchoes               ,22,45, Netherlands  ,2016,11,22,9
"Exploring the historical architecture of an ancient city, the traveler is transported to a bygone era, where each monument whispers tales of the past. ",2019-04-18 20:30:00, HistoryExplorerAncientCityTour , Twitter , #WhispersOfThePast #HistoricalTour ,35,70, Greece ,2019,4,18,20
 Empowerment through learning a new skill.            ,2014-07-10 13:15:00, SkillEmpower    , Instagram , #Empowerment #SkillBuilding                   ,25,50, India   ,2014,7,10,13
Giddy with excitement as the first snowflakes dance from the sky. ,2020-12-02 17:30:00, SnowfallEnthusiast , Twitter  , #Excitement #SnowfallMagic             ,22,45, Canada         ,2020,12,2,17
Bittersweet emotions arise while bidding farewell to a dear friend. ,2020-03-15 18:30:00, FarewellSender , Instagram , #Bittersweet #Farewell                     ,20,40, Japan             ,2020,3,15,18
" The complex puzzle of life leaves me in a state of perpetual confusion, seeking answers in the chaos. ",2020-04-02 09:45:00, SeekingClarity    , Facebook , #Confusion #LifePuzzle                     ,10,20, UK           ,2020,4,2,9
"At a U2 concert, the anthemic chords of 'With or Without You' create a timeless moment of connection. ",2016-05-15 19:30:00, U2ConnectionSeeker , Instagram , #Connection #U2Anthem ,25,50, Ireland ,2016,5,15,19
"Swaying to Ed Sheeran's acoustic melodies, a serene evening filled with 'Perfect' moments. ",2020-08-18 19:00:00, SheeranMelodyLover , Twitter , #Serenity #EdSheeranConcert ,18,35, UK ,2020,8,18,19
"Suffocating in the silence of solitude, where echoes of laughter once thrived. ",2022-05-20 20:30:00, EchoedLaughter , Instagram , #Isolation #SilentSolitude ,30,60, South Africa ,2022,5,20,20
" Dancing through life with the exuberance of a carefree spirit, embracing joy and zest at every turn. ",2018-07-12 17:45:00, JoyfulDancer , Twitter , #Zest #CarefreeSpirit ,15,30, USA ,2018,7,12,17
Excitement builds while preparing for a surprise celebration.     ,2023-03-05 15:00:00, CelebrationPlanner , Facebook , #Excitement #SurpriseCelebration         ,30,60, Australia          ,2023,3,5,15
Nostalgic memories flood in while revisiting childhood favorites. ,2017-01-28 21:15:00, ChildhoodMemories , Facebook , #Nostalgia #ChildhoodFavorites           ,20,40, Australia          ,2017,1,28,21
" Melancholy whispers in the breeze, a silent conversation with the echoes of forgotten dreams. ",2020-03-01 19:00:00, DreamerInSilence  , Facebook , #Melancholy #WhispersInTheBreeze         ,12,25, India         ,2020,3,1,19
" Navigating through the labyrinth of thoughts, confusion a constant companion in the maze of ideas. ",2021-05-02 11:45:00, MazeNavigator     , Facebook , #Confusion #ThoughtLabyrinth              ,14,28, Australia    ,2021,5,2,11
" Immerse in the serenity of a moonlit night, where the quiet whispers of nature bring peace to the soul. ",2020-05-12 19:30:00, MoonlitSoul       , Instagram , #Serenity #MoonlitPeace                  ,25,50, USA          ,2020,5,12,19
" Proudly scaling the peaks of achievement, a mountaineer conquering challenges and planting the flag of success. ",2020-01-05 08:45:00, PeakConqueror , Twitter , #Proud #ScalingPeaks ,23,46, USA ,2020,1,5,8
 Feeling a sense of fulfillment after reaching a milestone.,2019-03-28 18:20:00, MilestoneAchiever, Facebook , #Fulfillment #Milestone                       ,22,45, India     ,2019,3,28,18
 Reverence for the historical significance of a landmark.,2017-11-01 15:30:00, HistoryBuff     , Twitter  , #Reverence #HistoricalSite                   ,18,35, Australia ,2017,11,1,15
Ran out of snacks during a movie marathon. Crisis level: Emergency! #MovieNightStruggles #TeenProblems ,2023-05-21 21:00:00, MovieBuff , Instagram , #SnackCrisis #TeenLife ,18,35, Canada,2023,5,21,21
"The echoes of solitude, a silent conversation between a soul and its shadows. ",2016-06-15 22:30:00, EchoedConversation , Instagram , #Solitude #ShadowConversation ,30,60, Spain ,2016,6,15,22
"Witnessing a record-breaking marathon, spectators are filled with awe and admiration for the endurance and dedication of the runners. ",2021-11-07 17:30:00, MarathonSpectatorRecordBreaking , Instagram , #Admiration #MarathonRecords ,22,45, Kenya ,2021,11,7,17
 Witnessed an act of kindness that made my day.          ,2023-02-28 11:30:00, KindnessObserver, Twitter  , #Kindness #ActsOfKindness                  ,20,40, USA       ,2023,2,28,11
Spontaneously booked a weekend getaway. Adventure awaits! #TravelBug #WeekendEscape ,2023-06-05 10:00:00, AdventureSeeker , Instagram , #GetawayGoals #TeenTravel ,18,35, UK,2023,6,5,10
"Amidst the tulip fields of Keukenhof, a tapestry of colors that paints the soul with springtime joy. ",2021-04-02 18:20:00, KeukenhofAdventurer , Instagram , #Joy #SpringtimeColors ,35,70, Netherlands ,2021,4,2,18
"As the movie credits roll, the viewer experiences a mix of awe and contemplation, pondering the deeper meanings woven into the storyline. ",2019-11-05 21:15:00, FilmBuffContemplativeViewer , Instagram , #Contemplation #DeepMeanings ,28,55, Germany ,2019,11,5,21
"In the tennis tournament, a highly anticipated player experiences a setback, leaving fans in shock and questioning the unforeseen turn of events. ",2018-07-10 21:15:00, TennisEnthusiastUnexpectedSetback , Instagram , #Frustration #TennisSetback ,35,70, USA ,2018,7,10,21
" Stumbling upon an old journal, nostalgia flooding in waves, carrying me to moments long gone. ",2018-07-10 15:45:00, JournalKeeper     , Twitter  , #Nostalgia #JournalMoments               ,10,20, Canada        ,2018,7,10,15
 Experiencing awe at the breathtaking sunset.            ,2023-02-15 20:30:00, AweStruck       , Facebook , #Awe #Breathtaking                          ,22,45, Australia   ,2023,2,15,20
"Hosted a family dinner, where laughter echoed louder than the clinking of utensils. Family, the heart of happiness. #FamilyDinner #SeniorHost ",2023-07-04 17:00:00, FamilyHostSenior , Instagram , #HeartwarmingMoments #SeniorFamily ,35,70, USA,2023,7,4,17
 The fear of the unknown is keeping me up at night.    ,2023-02-20 21:15:00, FearfulDreamer  , Instagram , #Fear #Unknown                               ,15,30, USA          ,2023,2,20,21
 Feeling optimistic about the week ahead.           ,2023-01-31 16:20:00, OptimisticMindset, Twitter  , #Optimism #NewWeek                     ,15,30, Canada   ,2023,1,31,16
Excitement builds as the countdown to a long-awaited vacation begins. ,2023-01-10 12:00:00, VacationDreamer , Instagram , #Excitement #VacationCountdown        ,30,60, France            ,2023,1,10,12
 Arousal of excitement as I await a special announcement.,2017-10-30 11:30:00, ExcitementFan   , Twitter  , #Arousal #Excitement                           ,20,40, Australia ,2017,10,30,11
"Shattered by betrayal, trust crumbles like fragile glass.          ",2018-09-10 13:15:00, BrokenTrust     , Twitter  , #Betrayal #ShatteredTrust               ,22,45, Germany         ,2018,9,10,13
 Excitement for a quiet evening with a good book.        ,2023-03-01 13:30:00, BookwormJoy     , Instagram , #Excitement #BookTime                       ,18,35, USA          ,2023,3,1,13
"Surrounded by the colors of joy, a canvas painted with laughter and endless smiles. ",2019-07-02 17:00:00, ColorfulLaughter , Instagram , #Joy #EndlessSmiles ,40,80, Canada ,2019,7,2,17
" Whispering tales of inspiration to the stars, a storyteller crafting constellations from the threads of imagination. ",2020-08-29 20:45:00, StarStoryteller , Facebook , #Inspired #TalesToTheStars ,14,28, UK ,2020,8,29,20
 Just finished a challenging workout routine.       ,2023-01-22 09:15:00, FitnessWarrior, Twitter  , #Fitness #ChallengeAccepted             ,20,40, UK       ,2023,1,22,9
 Arousal of excitement for an upcoming festival.       ,2017-09-25 11:30:00, FestivalFan     , Instagram , #Arousal #FestivalExcitement               ,20,40, UK ,2017,9,25,11
Collaborating on a science project that received recognition at a regional fair. Science triumphs and smiles! ,2017-08-18 18:20:00, ScienceProjectSuccessHighSchool , Facebook , #ScienceFairWinner #HighSchoolScience ,20,39, UK,2017,8,18,18
 Sending affectionate vibes to friends and family.        ,2023-02-24 16:00:00, FamilyLover     , Instagram , #Affection #FamilyLove                      ,15,30,USA,2023,2,24,16
"In the tennis grand slam, a fierce rivalry unfolds, captivating fans with a display of skill and sportsmanship on the world stage. ",2017-09-10 20:15:00, TennisEnthusiastGrandSlamDrama , Twitter , #Captivation #TennisRivalry ,28,55, UK ,2017,9,10,20
Tried a magic trick to impress classmates. Magic fail: Where did that rabbit go? ,2023-08-27 20:45:00, MagicFailHighSchool , Instagram , #MagicFail #HighSchoolMagic ,22,45, UK,2023,8,27,20
Thrilled to witness the grandeur of a cultural festival.       ,2020-09-15 14:45:00, CultureEnthusiast , Instagram , #Thrill #CulturalCelebration              ,40,80, India              ,2020,9,15,14
"Participating in a multicultural festival, celebrating diversity with music, dance, and delicious food! ",2020-02-29 20:45:00, MulticulturalFestivalJoyHighSchool , Facebook , #CulturalCelebration #HighSchoolUnity ,21,43, UK,2020,2,29,20
" Embraced by the hopeful dawn, a gardener sowing seeds of optimism, tending to the blooms of a brighter tomorrow. ",2022-07-17 06:15:00, DawnGardener , Instagram , #Hopeful #SeedsOfOptimism ,14,28, UK ,2022,7,17,6
" Frustrated attempts to untangle the knot of confusion, the threads of understanding slipping further into the labyrinth of miscommunication. ",2020-11-01 12:30:00, KnotUntangler , Facebook , #Frustrated #LabyrinthOfMiscommunication ,14,28, India ,2020,11,1,12
Admiration for the intricate details of a handcrafted masterpiece. ,2019-08-20 16:00:00, CraftEnthusiast , Instagram , #Admiration #HandcraftedArt               ,25,50, USA               ,2019,8,20,16
Satisfaction derived from successfully completing a DIY project.  ,2015-12-01 11:30:00, DIYEnthusiast   , Twitter  , #Satisfaction #DIYProject                 ,25,50, USA               ,2015,12,1,11
 Weekend road trip to explore scenic views.         ,2023-01-24 17:30:00, RoadTripper  , Instagram , #RoadTrip #ScenicViews                  ,18,35, UK        ,2023,1,24,17
Embarking on a journey of learning a new language. The mind stays young with every new word. #LanguageLearning #NeverTooLate ,2023-06-15 12:15:00, LinguisticExplorer , Twitter , #MindEnrichment #SeniorLearning ,30,60, UK,2023,6,15,12
Experimenting with a new hair color. A bold change for a bold semester! ,2023-09-07 18:20:00, HairColorExperimentHighSchool , Instagram , #HairExperiment #HighSchoolStyle ,20,39, USA,2023,9,7,18
"Emotional storm, a whirlwind of sadness engulfs every thought.    ",2017-07-18 17:45:00, StormyFeelings  , Instagram , #EmotionalStorm #SadnessWhirlwind      ,30,60, India          ,2017,7,18,17
"Attending a surprise birthday party organized by friends. Surrounded by love, laughter, and good company! ",2018-06-22 14:15:00, BirthdayPartyJoyHighSchool , Instagram , #SurpriseCelebration #HighSchoolFriendship ,25,48, USA,2018,6,22,14
"Wandering in the maze of betrayal, the walls closing in with every wrong turn. ",2021-01-05 16:20:00, MazeWanderer , Instagram , #Betrayal #ClosingWalls ,15,30, Germany ,2021,1,5,16
" Playfully dancing in the rain of laughter, a whimsical spirit twirling in the puddles of joy and lightheartedness. ",2020-07-08 18:00:00, RainDancer , Facebook , #Playful #DanceInTheRain ,22,44, Canada ,2020,7,8,18
Elation over discovering a rare book in a quaint bookstore.      ,2018-09-22 16:30:00, Bookworm        , Instagram , #Elation #RareBookDiscovery              ,40,80, USA               ,2018,9,22,16
 Fulfillment in completing a challenging workout routine.,2019-06-28 18:20:00, FitnessAchiever , Twitter  , #Fulfillment #FitnessGoals                   ,22,45, India     ,2019,6,28,18
 Regret over missed opportunities haunts my thoughts.,2017-08-25 16:00:00, RemorsefulSoul   , Facebook , #Regret #MissedChances                       ,12,25, UK           ,2017,8,25,16
